{
    "routes": [
        {
            "route_id": 1,
            "locations": [
                "Brisbane",
                "Sydney",
                "Melbourne"
            ],
            "departure_time": "2026-01-06T06:00:00",
            "assigned_truck": {
                "truck_id": 1001,
                "truck_brand": "Scania",
                "truck_capacity": 42000,
                "truck_range": 8000,
                "available_from": "2026-01-07T02:31:43.448276"
            },
            "assigned_packages": [
                {
                    "package_id": 1,
                    "start_location": "Brisbane",
                    "end_location": "Sydney",
                    "customer": {
                        "first_name": "John",
                        "last_name": "Doe",
                        "email": "john_doe@gmail.com"
                    },
                    "package_eta": "2026-01-06T16:26:53.793103"
                },
                {
                    "package_id": 3,
                    "start_location": "Brisbane",
                    "end_location": "Sydney",
                    "customer": {
                        "first_name": "John",
                        "last_name": "Doe",
                        "email": "john_doe@gmail.com"
                    },
                    "package_eta": "2026-01-06T16:26:53.793103"
                }
            ]
        }
    ],
    "packages": [
        {
            "package_id": 1,
            "start_location": "Brisbane",
            "end_location": "Sydney",
            "customer": {
                "first_name": "John",
                "last_name": "Doe",
                "email": "john_doe@gmail.com"
            },
            "package_eta": "2026-01-06T16:26:53.793103"
        },
        {
            "package_id": 2,
            "start_location": "Sydney",
            "end_location": "Melbourne",
            "customer": {
                "first_name": "John",
                "last_name": "Doe",
                "email": "john_doe@gmail.com"
            },
            "package_eta": null
        },
        {
            "package_id": 3,
            "start_location": "Brisbane",
            "end_location": "Sydney",
            "customer": {
                "first_name": "John",
                "last_name": "Doe",
                "email": "john_doe@gmail.com"
            },
            "package_eta": "2026-01-06T16:26:53.793103"
        },
        {
            "package_id": 4,
            "start_location": "Sydney",
            "end_location": "Melbourne",
            "customer": {
                "first_name": "John",
                "last_name": "Doe",
                "email": "john_doe@gmail.com"
            },
            "package_eta": null
        }
    ],
    "users": [
        {
            "email": "manager1@telerikacademy.com",
            "first_name": "Pesho",
            "last_name": "Peshov",
            "password": "123456",
            "user_role": "Manager"
        },
        {
            "email": "regular1@telerikacademy.com",
            "first_name": "Gosho",
            "last_name": "Goshev",
            "password": "123456",
            "user_role": "Regular"
        }
    ],
    "logged_user": {
        "email": "regular1@telerikacademy.com",
        "first_name": "Gosho",
        "last_name": "Goshev",
        "password": "123456",
        "user_role": "Regular"
    },
    "customers": [
        {
            "first_name": "John",
            "last_name": "Doe",
            "email": "john_doe@gmail.com"
        }
    ],
    "trucks": [
        {
            "truck_id": 1001,
            "truck_brand": "Scania",
            "truck_capacity": 42000,
            "truck_range": 8000,
            "available_from": "2026-01-07T02:31:43.448276"
        },
        {
            "truck_id": 1002,
            "truck_brand": "Scania",
            "truck_capacity": 42000,
            "truck_range": 8000,
            "available_from": "2025-10-08T01:09:10.046323"
        },
        {
            "truck_id": 1003,
            "truck_brand": "Scania",
            "truck_capacity": 42000,
            "truck_range": 8000,
            "available_from": "2025-10-08T01:09:10.046324"
        },
        {
            "truck_id": 1004,
            "truck_brand": "Scania",
            "truck_capacity": 42000,
            "truck_range": 8000,
            "available_from": "2025-10-08T01:09:10.046324"
        },
        {
            "truck_id": 1005,
            "truck_brand": "Scania",
            "truck_capacity": 42000,
            "truck_range": 8000,
            "available_from": "2025-10-08T01:09:10.046325"
        },
        {
            "truck_id": 1006,
            "truck_brand": "Scania",
            "truck_capacity": 42000,
            "truck_range": 8000,
            "available_from": "2025-10-08T01:09:10.046325"
        },
        {
            "truck_id": 1007,
            "truck_brand": "Scania",
            "truck_capacity": 42000,
            "truck_range": 8000,
            "available_from": "2025-10-08T01:09:10.046326"
        },
        {
            "truck_id": 1008,
            "truck_brand": "Scania",
            "truck_capacity": 42000,
            "truck_range": 8000,
            "available_from": "2025-10-08T01:09:10.046326"
        },
        {
            "truck_id": 1009,
            "truck_brand": "Scania",
            "truck_capacity": 42000,
            "truck_range": 8000,
            "available_from": "2025-10-08T01:09:10.046326"
        },
        {
            "truck_id": 1010,
            "truck_brand": "Scania",
            "truck_capacity": 42000,
            "truck_range": 8000,
            "available_from": "2025-10-08T01:09:10.046327"
        },
        {
            "truck_id": 1011,
            "truck_brand": "Man",
            "truck_capacity": 37000,
            "truck_range": 10000,
            "available_from": "2025-10-08T01:09:10.046327"
        },
        {
            "truck_id": 1012,
            "truck_brand": "Man",
            "truck_capacity": 37000,
            "truck_range": 10000,
            "available_from": "2025-10-08T01:09:10.046328"
        },
        {
            "truck_id": 1013,
            "truck_brand": "Man",
            "truck_capacity": 37000,
            "truck_range": 10000,
            "available_from": "2025-10-08T01:09:10.046328"
        },
        {
            "truck_id": 1014,
            "truck_brand": "Man",
            "truck_capacity": 37000,
            "truck_range": 10000,
            "available_from": "2025-10-08T01:09:10.046329"
        },
        {
            "truck_id": 1015,
            "truck_brand": "Man",
            "truck_capacity": 37000,
            "truck_range": 10000,
            "available_from": "2025-10-08T01:09:10.046329"
        },
        {
            "truck_id": 1016,
            "truck_brand": "Man",
            "truck_capacity": 37000,
            "truck_range": 10000,
            "available_from": "2025-10-08T01:09:10.046330"
        },
        {
            "truck_id": 1017,
            "truck_brand": "Man",
            "truck_capacity": 37000,
            "truck_range": 10000,
            "available_from": "2025-10-08T01:09:10.046330"
        },
        {
            "truck_id": 1018,
            "truck_brand": "Man",
            "truck_capacity": 37000,
            "truck_range": 10000,
            "available_from": "2025-10-08T01:09:10.046331"
        },
        {
            "truck_id": 1019,
            "truck_brand": "Man",
            "truck_capacity": 37000,
            "truck_range": 10000,
            "available_from": "2025-10-08T01:09:10.046331"
        },
        {
            "truck_id": 1020,
            "truck_brand": "Man",
            "truck_capacity": 37000,
            "truck_range": 10000,
            "available_from": "2025-10-08T01:09:10.046332"
        },
        {
            "truck_id": 1021,
            "truck_brand": "Man",
            "truck_capacity": 37000,
            "truck_range": 10000,
            "available_from": "2025-10-08T01:09:10.046332"
        },
        {
            "truck_id": 1022,
            "truck_brand": "Man",
            "truck_capacity": 37000,
            "truck_range": 10000,
            "available_from": "2025-10-08T01:09:10.046332"
        },
        {
            "truck_id": 1023,
            "truck_brand": "Man",
            "truck_capacity": 37000,
            "truck_range": 10000,
            "available_from": "2025-10-08T01:09:10.046333"
        },
        {
            "truck_id": 1024,
            "truck_brand": "Man",
            "truck_capacity": 37000,
            "truck_range": 10000,
            "available_from": "2025-10-08T01:09:10.046333"
        },
        {
            "truck_id": 1025,
            "truck_brand": "Man",
            "truck_capacity": 37000,
            "truck_range": 10000,
            "available_from": "2025-10-08T01:09:10.046334"
        },
        {
            "truck_id": 1026,
            "truck_brand": "Actros",
            "truck_capacity": 26000,
            "truck_range": 13000,
            "available_from": "2025-10-08T01:09:10.046334"
        },
        {
            "truck_id": 1027,
            "truck_brand": "Actros",
            "truck_capacity": 26000,
            "truck_range": 13000,
            "available_from": "2025-10-08T01:09:10.046335"
        },
        {
            "truck_id": 1028,
            "truck_brand": "Actros",
            "truck_capacity": 26000,
            "truck_range": 13000,
            "available_from": "2025-10-08T01:09:10.046335"
        },
        {
            "truck_id": 1029,
            "truck_brand": "Actros",
            "truck_capacity": 26000,
            "truck_range": 13000,
            "available_from": "2025-10-08T01:09:10.046336"
        },
        {
            "truck_id": 1030,
            "truck_brand": "Actros",
            "truck_capacity": 26000,
            "truck_range": 13000,
            "available_from": "2025-10-08T01:09:10.046336"
        },
        {
            "truck_id": 1031,
            "truck_brand": "Actros",
            "truck_capacity": 26000,
            "truck_range": 13000,
            "available_from": "2025-10-08T01:09:10.046337"
        },
        {
            "truck_id": 1032,
            "truck_brand": "Actros",
            "truck_capacity": 26000,
            "truck_range": 13000,
            "available_from": "2025-10-08T01:09:10.046337"
        },
        {
            "truck_id": 1033,
            "truck_brand": "Actros",
            "truck_capacity": 26000,
            "truck_range": 13000,
            "available_from": "2025-10-08T01:09:10.046337"
        },
        {
            "truck_id": 1034,
            "truck_brand": "Actros",
            "truck_capacity": 26000,
            "truck_range": 13000,
            "available_from": "2025-10-08T01:09:10.046338"
        },
        {
            "truck_id": 1035,
            "truck_brand": "Actros",
            "truck_capacity": 26000,
            "truck_range": 13000,
            "available_from": "2025-10-08T01:09:10.046338"
        },
        {
            "truck_id": 1036,
            "truck_brand": "Actros",
            "truck_capacity": 26000,
            "truck_range": 13000,
            "available_from": "2025-10-08T01:09:10.046339"
        },
        {
            "truck_id": 1037,
            "truck_brand": "Actros",
            "truck_capacity": 26000,
            "truck_range": 13000,
            "available_from": "2025-10-08T01:09:10.046339"
        },
        {
            "truck_id": 1038,
            "truck_brand": "Actros",
            "truck_capacity": 26000,
            "truck_range": 13000,
            "available_from": "2025-10-08T01:09:10.046340"
        },
        {
            "truck_id": 1039,
            "truck_brand": "Actros",
            "truck_capacity": 26000,
            "truck_range": 13000,
            "available_from": "2025-10-08T01:09:10.046340"
        },
        {
            "truck_id": 1040,
            "truck_brand": "Actros",
            "truck_capacity": 26000,
            "truck_range": 13000,
            "available_from": "2025-10-08T01:09:10.046341"
        }
    ]
}